USE ISSchool

INSERT INTO Subject
(Name)
VALUES
(N'Алгебра'),
(N'Географія'),
(N'Фізика'),
(N'Хімія'),
(N'Англійська мова'),
(N'Художня література'),
(N'Геометрія')



INSERT INTO Cabinet
(Id, Name)
VALUES
(11, N'Кабінет технології'),
(12, N'Кабінет психолога'),
(13, N'Кабінет математики'),
(14, N'Кабінет математики'),
(15, N'Кабінет математики'),
(16, N'Кабінет інформатики'),
(17, N'Кабінет географії'),
(18, N'Кабінет історії'),
(19, N'Кабінет історії'),
(20, N'Кабінет хімії'),
(21, N'Кабінет хімії'),
(22, N'Кабінет іноземної мови'),
(23, N'Кабінет іноземної мови'),
(24, N'Кабінет біології'),
(25, N'Кабінет біології'),
(26, N'Кабінет фізики'),
(27, N'Кабінет фізики'),
(28, N'Кабінет фізики')





INSERT INTO Teacher
(
	Lastname,
	Firstname,
	Middlename,
	CabinetId
)
VALUES
(N'Іванов', N'Іван', N'Іванович', 14),
(N'Петров', N'Микола', N'Іванович', 13),
(N'Малинов', N'Ігор', N'Ігорович', NULL),
(N'Шумейко', N'Валентин', N'Андрійович', 25),
(N'Сердюк', N'Світлана', N'Михайлівна', 23),
(N'Ярешко', N'Іванна', N'Сергіївна', 17),
(N'Лев', N'Андрій', N'Ігорович', NULL),
(N'Яремко', N'Наталія', N'Петрівна', NULL),
(N'Костів', N'Ростислав', N'Миколайович', 18),
(N'Михайлюк', N'Іван', N'Святославович', 15),
(N'Костюк', N'Лілія', N'Іванівна', 27),
(N'Варунів', N'Михайло', N'Анатолійович', 28)




INSERT INTO Teacher_Subject
(
	TeacherId,
	SubjectId
)
VALUES
(1, 1),
(1, 7),
(2, 1),
(2, 7),
(3, 6),
(4, 4),
(5, 4),
(5, 5),
(6, 2),
(6, 5),
(7, 1),
(7, 2),
(8, 6),
(8, 5),
(9, 6),
(9, 7),
(10, 1),
(10, 2),
(11, 3),
(12, 3),
(12, 4)




INSERT INTO  Class
(
	Code,
	HeadId
)
VALUES
(N'7-А', 6),
(N'7-Б', 2),
(N'8-А', 3),
(N'8-Б', 5),
(N'9-А', 4),
(N'9-Б', 10),
(N'10-А', 12),
(N'10-Б', 11),
(N'11-А', 8),
(N'11-Б', 9)



INSERT INTO Pupil
(
	Lastname,
	Firstname,
	ClassCode
)
VALUES
(N'Яблонський', N'Руслан', N'7-А'),
(N'Михайлицький', N'Захар', N'7-А'),
(N'Ткач', N'Іван', N'7-А'),
(N'Олійник', N'Андрій', N'7-А'),
(N'Варунків', N'Іванна', N'7-А'),
(N'Симонів', N'Михайло', N'7-Б'),
(N'Лубнів', N'Омелян', N'7-Б'),
(N'Антонюк', N'Андрій', N'8-А'),
(N'Ключок', N'Іван', N'8-А'),
(N'Маковійчук', N'Ярослав', N'8-А'),
(N'Рибак', N'Денис', N'8-Б'),
(N'Суленко', N'Йосиф', N'8-Б'),
(N'Тимочко', N'Вадим', N'8-Б'),
(N'Шашкевич', N'Дарія', N'9-А'),
(N'Івасько', N'Христина', N'9-А'),
(N'Руняк', N'Андрій', N'9-А'),
(N'Онушко', N'Петро', N'9-А'),
(N'Лупейко', N'Ігор', N'9-А'),
(N'Лесів', N'Ігор', N'9-А'),
(N'Блажко', N'Святослав', N'9-А'),
(N'Семенко', N'Світлана', N'9-А')




INSERT INTO Marks
(
	PupilId,
	SubjectId,
	Mark,
	Quarter
)
VALUES
(1, 1, 4, 1),
(1, 2, 5, 1),
(1, 3, 4, 1),
(1, 4, 4, 1),
(1, 5, 4, 1),
(1, 6, 4, 1),
(1, 7, 4, 1),
(2, 1, 4, 1),
(2, 2, 5, 1),
(2, 3, 3, 1),
(2, 4, 4, 1),
(2, 5, 4, 1),
(2, 6, 3, 1),
(2, 7, 3, 1),
(3, 1, 5, 1),
(3, 2, 5, 1),
(3, 3, 5, 1),
(3, 4, 5, 1),
(3, 5, 5, 1),
(3, 6, 5, 1),
(3, 7, 5, 1),
(4, 1, 5, 1),
(4, 2, 5, 1),
(4, 3, 5, 1),
(4, 4, 5, 1),
(4, 5, 5, 1),
(4, 6, 5, 1),
(4, 7, 5, 1),
(5, 1, 2, 1),
(5, 2, 5, 1),
(5, 3, 3, 1),
(5, 4, 4, 1),
(5, 5, 5, 1),
(5, 6, 3, 1),
(5, 7, 5, 1),
(6, 1, 4, 1),
(6, 2, 5, 1),
(6, 3, 4, 1),
(6, 4, 4, 1),
(6, 5, 5, 1),
(6, 6, 5, 1),
(6, 7, 5, 1),
(7, 1, 4, 1),
(7, 2, 5, 1),
(7, 3, 4, 1),
(7, 4, 5, 1),
(7, 5, 3, 1),
(7, 6, 2, 1),
(7, 7, 2, 1),
(8, 1, 4, 1),
(8, 2, 5, 1),
(8, 3, 4, 1),
(8, 4, 5, 1),
(8, 5, 5, 1),
(8, 6, 4, 1),
(8, 7, 5, 1),
(9, 1, 4, 1),
(9, 2, 5, 1),
(9, 3, 4, 1),
(9, 4, 4, 1),
(9, 5, 4, 1),
(9, 6, 4, 1),
(9, 7, 5, 1),
(10, 1, 4, 1),
(10, 2, 5, 1),
(10, 3, 4, 1),
(10, 4, 5, 1),
(10, 5, 4, 1),
(10, 6, 5, 1),
(10, 7, 5, 1),
(1, 1, 5, 2),
(1, 2, 5, 2),
(1, 3, 4, 2),
(1, 4, 4, 2),
(1, 5, 5, 2),
(1, 6, 4, 2),
(1, 7, 4, 2),
(2, 1, 4, 2),
(2, 2, 5, 2),
(2, 3, 4, 2),
(2, 4, 3, 2),
(2, 5, 5, 2),
(2, 6, 3, 2),
(2, 7, 3, 2),
(3, 1, 5, 2),
(3, 2, 5, 2),
(3, 3, 5, 2),
(3, 4, 5, 2),
(3, 5, 5, 2),
(3, 6, 5, 2),
(3, 7, 5, 2),
(4, 1, 5, 2),
(4, 2, 3, 2),
(4, 3, 5, 2),
(4, 4, 5, 2),
(4, 5, 5, 2),
(4, 6, 5, 2),
(4, 7, 5, 2)



INSERT Schedule
(
	Day,
	ClassCode,
	Number,
	SubjectId,
	TeacherId,
	CabinetId
)
VALUES
(N'Понеділок', N'7-А', 1, 1, 1, 13),
(N'Понеділок', N'7-А', 2, 1, 1, 13),
(N'Понеділок', N'7-А', 3, 3, 11, 26),
(N'Понеділок', N'7-А', 4, 3, 11, 26),
(N'Понеділок', N'7-А', 5, 5, 6, 22),
(N'Вівторок', N'7-А', 1, 2, 6, 17),
(N'Вівторок', N'7-А', 2, 2, 6, 17),
(N'Вівторок', N'7-А', 3, 5, 6, 22),
(N'Вівторок', N'7-А', 4, 7, 1, 14),
(N'Вівторок', N'7-А', 5, 7, 1, 14),
(N'Середа', N'7-А', 1, 6, 9, 11),
(N'Середа', N'7-А', 2, 6, 9, 11),
(N'Середа', N'7-А', 3, 4, 5, 21),
(N'Середа', N'7-А', 4, 4, 5, 21),
(N'Середа', N'7-А', 5, 7, 1, 13),
(N'Четвер', N'7-А', 1, 7, 1, 13),
(N'Четвер', N'7-А', 2, 5, 6, 22),
(N'Четвер', N'7-А', 3, 5, 6, 22),
(N'Четвер', N'7-А', 4, 6, 9, 11),
(N'Четвер', N'7-А', 5, 1, 1, 13),
(N'П''ятниця', N'7-А', 1, 3, 11, 26),
(N'П''ятниця', N'7-А', 2, 3, 11, 26),
(N'П''ятниця', N'7-А', 3, 6, 9, 11),
(N'П''ятниця', N'7-А', 4, 1, 1, 13),
(N'П''ятниця', N'7-А', 5, 1, 1, 13),
(N'Понеділок', N'7-Б', 1, 1, 2, 14),
(N'Понеділок', N'7-Б', 2, 1, 2, 14),
(N'Понеділок', N'7-Б', 3, 3, 12, 28),
(N'Понеділок', N'7-Б', 4, 3, 12, 28),
(N'Понеділок', N'7-Б', 5, 5, 8, 23),
(N'Вівторок', N'7-Б', 1, 5, 6, 22),
(N'Вівторок', N'7-Б', 2, 7, 1, 15),
(N'Вівторок', N'7-Б', 3, 7, 1, 15),
(N'Вівторок', N'7-Б', 4, 2, 10, 17),
(N'Вівторок', N'7-Б', 5, 2, 10, 17),
(N'Середа', N'7-Б', 1, 6, 3, 25),
(N'Середа', N'7-Б', 2, 6, 3, 25),
(N'Середа', N'7-Б', 3, 4, 4, 20),
(N'Середа', N'7-Б', 4, 4, 4, 20),
(N'Середа', N'7-Б', 5, 7, 2, 14),
(N'Четвер', N'7-Б', 1, 7, 2, 14),
(N'Четвер', N'7-Б', 2, 5, 5, 23),
(N'Четвер', N'7-Б', 3, 5, 5, 23),
(N'Четвер', N'7-Б', 4, 6, 3, 25),
(N'Четвер', N'7-Б', 5, 1, 2, 14),
(N'П''ятниця', N'7-Б', 1, 3, 3, 12),
(N'П''ятниця', N'7-Б', 2, 3, 3, 12),
(N'П''ятниця', N'7-Б', 3, 6, 3, 25),
(N'П''ятниця', N'7-Б', 4, 1, 2, 14),
(N'П''ятниця', N'7-Б', 5, 1, 2, 14)





